종목코드,종목명,종가,등락률,시가,고가,저가,거래량,거래대금,시가총액,시가총액,상장주식수
005930,삼성전자,240000,0.21,244500,244500,228000,29433804,6922840451100,1403106865920000,1403106865920000,5846278608
000660,SK하이닉스,1577000,0.64,1620000,1630000,1483000,5361210,8286621255440,1151986459605000,1151986459605000,730492365
009150,삼성전기,1185000,0.34,1278000,1279000,1112000,982295,1149326516000,88512029760000,88512029760000,74693696
373220,LG에너지솔루션,328500,3.96,319000,330500,315000,270560,87507123250,76869000000000,76869000000000,234000000
006400,삼성SDI,419500,7.7,399500,419500,391500,401740,162912283250,33805629835000,33805629835000,80585530
010120,LS ELECTRIC,197000,4.56,196200,197900,187100,827737,159854934400,29550000000000,29550000000000,150000000
066570,LG전자,165500,4.22,160400,167300,156900,1179360,190827107850,26957407589000,26957407589000,162884638
267260,HD현대일렉트릭,716000,6.39,691000,716000,670000,156137,108994506000,25809748660000,25809748660000,36047135
298040,효성중공업,2655000,6.41,2697000,2697000,2530000,61743,161606995000,24756674940000,24756674940000,9324548
000150,두산,1274000,2.91,1275000,1285000,1161000,70200,85885767500,20630945790000,20630945790000,16193835
272210,한화시스템,69100,9.51,62700,69800,62700,615884,41346923600,13054329779900,13054329779900,188919389
003670,포스코퓨처엠,142800,4.39,138100,143200,136300,183174,25679505300,12701520216000,12701520216000,88946220
011070,LG이노텍,525000,2.34,526000,526000,488500,256493,130416245750,12425231175000,12425231175000,23667107
007660,이수페타시스,79600,6.85,76200,79700,72500,626109,48046507200,5843373832400,5843373832400,73409219
001440,대한전선,25500,6.47,24200,25550,24100,2326347,57657082225,4997811198000,4997811198000,195992596
062040,산일전기,152900,5.01,150400,153000,145000,155107,23186041050,4681163465000,4681163465000,30615850
034220,LG디스플레이,9530,4.04,9160,9530,9090,2469051,23029439265,4765000000000,4765000000000,500000000
353200,대덕전자,97800,1.14,101000,103800,94000,1163380,113844989450,4832975265000,4832975265000,49416925
000500,가온전선,146500,8.04,153800,154000,140200,239936,34789321250,4362419425500,4362419425500,29777607
000990,DB하이텍,85000,5.07,82300,85400,78800,470438,38898223350,3697889980000,3697889980000,43504588
066970,엘앤에프,77500,6.6,74900,79000,74500,223939,17098002100,3152952650000,3152952650000,40683260
103590,일진전기,56100,5.65,54500,56100,53100,375104,20476003900,2675150379000,2675150379000,47685390
007340,DN오토모티브,42850,4.77,39950,43900,39800,189049,8005191225,2507190565250,2507190565250,58510865
450080,에코프로머티,32750,0.46,32350,34400,30050,691755,22405056550,2319154242500,2319154242500,70813870
489790,한화비전,44700,2.76,44050,44800,41850,254338,11072933075,2256831033000,2256831033000,50488390
336260,두산퓨얼셀,28600,10.21,27600,28600,26350,692507,19151716150,1873120563600,1873120563600,65493726
322000,HD현대에너지솔루션,129000,7.86,130300,142900,128800,741888,100452342750,1444800000000,1444800000000,11200000
020150,롯데에너지머티리얼즈,30450,10.33,28300,30600,28300,166581,4937621075,1594528348350,1594528348350,52365463
007810,코리아써키트,48200,4.9,48000,49300,46200,323276,15425510850,1155962284000,1155962284000,23982620
361610,SK아이이테크놀로지,14170,5.9,13250,14170,13250,159451,2213277120,1158923207000,1158923207000,81787100
006340,대원전선,13790,5.19,14210,15080,13330,15017043,211812544420,1081334796640,1081334796640,78414416
009450,경동나비엔,68500,4.74,65400,70400,65400,49493,3402742300,997948552000,997948552000,14568592
195870,해성디에스,49700,1.43,50700,50700,46950,157042,7639163275,844900000000,844900000000,17000000
001820,삼화콘덴서,77700,4.3,79400,79400,74000,331954,25508696700,807691500000,807691500000,10395000
005690,파미셀,11080,7.57,10300,11080,10300,661050,7126744920,664844475120,664844475120,60004014
004490,세방전지,52100,2.56,50800,52100,50700,22305,1151730500,722106000000,722106000000,13860000
336370,솔루스첨단소재,6770,5.78,6460,6840,6460,59057,394770795,475371418880,475371418880,70217344
248070,솔루엠,14330,5.29,13800,14330,13680,99022,1392886545,685206661880,685206661880,47816236
108320,LX세미콘,34900,4.02,33800,34900,33650,37195,1276630000,567624070000,567624070000,16264300
090460,비에이치,15200,-2.56,15800,15980,14570,696106,10432282180,512415377600,512415377600,33711538
033240,자화전자,26400,11.16,24250,26800,24250,169076,4368886025,570385252800,570385252800,21605502
025540,한국단자,61800,2.15,60500,62400,60500,6188,380180550,625107000000,625107000000,10115000
097520,엠씨넥스,18960,3.95,18700,18980,18330,43629,813595775,329932440000,329932440000,17401500
217590,티엠씨,12410,18.64,10810,12670,10810,903443,10914353615,299009332250,299009332250,24094225
011930,신성이엔지,15650,6.68,14680,15880,14680,205664,3183723785,317791748300,317791748300,20306182
009470,삼화전기,22850,5.54,23000,23000,22000,46588,1049398400,151125787000,151125787000,6613820
004710,한솔테크닉스,7660,10.69,7000,7700,6860,1339012,9701058675,406897798220,406897798220,53119817
017900,광전자,5820,7.18,5570,6040,5540,1285828,7416602435,337232700660,337232700660,57943763
192650,드림텍,4435,4.23,4255,4435,4255,174038,759667010,292208086615,292208086615,65886829
029530,신도리코,39900,0.0,39900,40900,39500,14606,584333800,387657587100,387657587100,9715729
005680,삼영전자,13320,2.07,13130,13480,13020,29461,386879985,266400000000,266400000000,20000000
004770,써니전자,1678,3.58,1612,1683,1600,252835,421712196,59581480964,59581480964,35507438
092220,KEC,2585,5.94,2445,2680,2445,350214,897453960,103794543380,103794543380,40152628
109070,주성코퍼레이션,1418,2.38,1385,1430,1376,113118,158196080,74884906140,74884906140,52810230
004920,씨아이테크,927,-1.38,938,944,910,253542,233612167,48370741344,48370741344,52179872
011230,삼화전자,2720,2.06,2750,2790,2670,469487,1275597420,52130935200,52130935200,19165785
005870,휴니드,4290,4.38,4090,4320,4090,45262,192165157,60557704350,60557704350,14116015
009140,경인전자,20800,4.84,20200,20800,19930,5085,103182015,32672577600,32672577600,1570797
008700,아남전자,1257,1.53,1238,1275,1238,320052,403710043,96945898740,96945898740,77124820
007610,선도전기,4005,3.76,3950,4190,3800,251523,1002778459,72090000000,72090000000,18000000
001210,금호전기,3665,-1.21,3710,3940,3465,1684665,6159247636,45358098640,45358098640,12376016
020760,일진디스플,902,0.0,0,0,0,0,0,55503470462,55503470462,61533781
019490,엑시큐어하이트론,541,0.0,0,0,0,0,0,41349858070,41349858070,76432270
019180,티에이치엔,5800,2.84,5660,5830,5610,57396,330107300,104400000000,104400000000,18000000
017040,광명전기,932,0.0,0,0,0,0,0,40390657180,40390657180,43337615
015260,에이엔피,375,13.98,335,426,331,6536473,2644411316,17668835250,17668835250,47116894
014910,성문전자,1637,2.96,1615,1690,1600,234935,384235608,35780329709,35780329709,21857257
011690,와이투솔루션,3250,3.83,3130,3280,3130,99766,321324821,119289280500,119289280500,36704394
044380,주연테크,835,5.03,795,889,788,581288,479333214,10768423860,10768423860,12896316
